CITATIONS,TECTONIC SETTING,LOCATION,LOCATION COMMENT,LATITUDE MIN,LATITUDE MAX,LONGITUDE MIN,LONGITUDE MAX,LAND OR SEA,ELEVATION MIN,ELEVATION MAX,SAMPLE NAME,ROCK NAME,MIN. AGE (YRS.),MAX. AGE (YRS.),GEOL.,AGE,ERUPTION DAY,ERUPTION MONTH,ERUPTION YEAR,ROCK TEXTURE,ROCK TYPE,DRILL DEPTH MIN,DRILL DEPTHAX,ALTERATION,MINERAL,MATERIAL,SIO2(WT%),TIO2(WT%),B2O3(WT%),AL2O3(WT%),CR2O3(WT%),FE2O3(WT%),FEO(WT%),FEOT(WT%),CAO(WT%),MGO(WT%),MNO(WT%),NIO(WT%),K2O(WT%),NA2O(WT%),P2O5(WT%),H2O(WT%),H2OP(WT%),H2OM(WT%),H2OT(WT%),CO2(WT%),CO1(WT%),F(WT%),CL(WT%),CL2(WT%),OH(WT%),CH4(WT%),SO2(WT%),SO3(WT%),SO4(WT%),S(WT%),LOI(WT%),VOLATILES(WT%),O(WT%),OTHERS(WT%),HE(CCM/G),HE(CCMSTP/G),HE3(CCMSTP/G),HE3(AT/G),HE4(CCM/G),HE4(CCMSTP/G),HE4(AT/G),HE4(MOLE/G),HE4(NCC/G),HE(NCC/G),LI(PPM),BE(PPM),B(PPM),C(PPM),CO2(PPM),F(PPM),NA(PPM),MG(PPM),AL(PPM),P(PPM),S(PPM),CL(PPM),K(PPM),CA(PPM),SC(PPM),TI(PPM),V(PPM),CR(PPM),MN(PPM),FE(PPM),CO(PPM),NI(PPM),CU(PPM),ZN(PPM),GA(PPM),GE(PPM),AS(PPM),SE(PPM),BR(PPM),RB(PPM),SR(PPM),Y(PPM),ZR(PPM),NB(PPM),MO(PPM),RU(PPM),RH(PPM),PD(PPM),AG(PPM),CD(PPM),IN(PPM),SN(PPM),SB(PPM),TE(PPM),I(PPM),CS(PPM),BA(PPM),LA(PPM),CE(PPM),PR(PPM),ND(PPM),SM(PPM),EU(PPM),GD(PPM),TB(PPM),DY(PPM),HO(PPM),ER(PPM),TM(PPM),YB(PPM),LU(PPM),HF(PPM),TA(PPM),W(PPM),RE(PPM),OS(PPM),IR(PPM),PT(PPM),AU(PPM),HG(PPM),TL(PPM),PB(PPM),BI(PPM),TH(PPM),U(PPM),ND143_ND144,ND143_ND144_INI,EPSILON_ND,SR87_SR86,SR87_SR86_INI,PB206_PB204,PB206_PB204_INI,PB207_PB204,PB207_PB204_INI,PB208_PB204,PB208_PB204_INI,OS184_OS188,OS186_OS188,OS187_OS186,OS187_OS188,RE187_OS186,RE187_OS188,HF176_HF177,HE3_HE4,HE3_HE4(R/R(A)),HE4_HE3,HE4_HE3(R/R(A)),K40_AR40,AR40_K40,UNIQUE_ID
"Vidal et al., 2015",Convergent margin,RINJANI/SAMALAS,Samalas 1257 A.D. deposits Phases_1 Pumice Fall (P1-PF),-8.536690061,-8.536690061,116.2441756,116.2441756,LAND,274,274,RIN1307A2,,,,,,,,1257,,,,,,,WR,61.16,0.62,,15.95,,4.5,,,3.41,1.35,0.13,,3.28,4.27,0.24,,,,,,,,,,,,,,,,5.88,,,,,,,,,,,,,,,1.34,,,,,,,,,0.22,46.4,,,9.4,,,,,,6.4,,,,17.2,2.9,3.4,,,79.1,339,28.6,225,8.64,3.1,,,,,0.22,,,0.28,,,2.9,676,23.1,46.4,5.42,21.8,4.81,1.2,4.4,0.72,4.4,0.9,2.7,0.43,3,0.49,5.6,0.71,,,,,,,,,13.2,,9.2,2.4,,,,,,,,,,,,,,,,,,,,,,,,,
"Vidal et al., 2015",Convergent margin,RINJANI/SAMALAS,Samalas 1257 A.D. deposits Phases_2 Pumice Fall (P2-PF1),-8.536690061,-8.536690061,116.2441756,116.2441756,LAND,274,274,RIN1307B1,,,,,,,,1257,,,,,,,WR,62.78,0.63,,16.74,,4.67,,,3.76,1.46,0.14,,3.34,2.96,0.23,,,,,,,,,,,,,,,,3.88,,,,,,,,,,,,,,,1.44,,,,,,,,,0.26,47.3,,,10.26,,,,,,7.4,,,,17.6,2.8,3.8,,,83.37,346,28.9,217,8.05,2.87,,,,,0.26,,,0.33,,,2.8,695,23.7,47.3,5.7,22.7,5.06,1.25,4.6,0.73,4.8,1,2.9,0.43,3.1,0.5,5.4,0.71,,,,,,,,,13.4,,8.44,2.24,,,,,,,,,,,,,,,,,,,,,,,,,
"Vidal et al., 2015",Convergent margin,RINJANI/SAMALAS,Samalas 1257 A.D. deposits Phases_2 Pumice Fall (P2-PF2),-8.536690061,-8.536690061,116.2441756,116.2441756,LAND,274,274,RIN1307B2,,,,,,,,1257,,,,,,,WR,62.59,0.63,,16.91,,4.75,,,3.77,1.42,0.14,,3.31,2.89,0.23,,,,,,,,,,,,,,,,4.11,,,,,,,,,,,,,,,1.43,,,,,,,,,0.28,48.9,,,10.07,,,,,,7.5,,,,18.2,2.9,3.7,,,85.8,363,29.5,225,8.28,2.92,,,,,0.28,,,0.29,,,2.9,715,24.4,48.9,5.92,23.3,5.19,1.31,4.8,0.75,4.8,1.1,3,0.44,3.1,0.5,5.6,0.74,,,,,,,,,12.5,,8.8,2.33,,,,,,,,,,,,,,,,,,,,,,,,,
"Vidal et al., 2015",Convergent margin,RINJANI/SAMALAS,Samalas 1257 A.D. deposits Phases_3 Pumice Fall (P3-PF2),-8.536690061,-8.536690061,116.2441756,116.2441756,LAND,274,274,RIN1307E1,,,,,,,,1257,,,,,,,WR,62.27,0.64,,16.45,,4.7,,,3.6,1.42,0.14,,3.4,4.39,0.25,,,,,,,,,,,,,,,,2.99,,,,,,,,,,,,,,,1.55,,,,,,,,,0.26,48.1,,,9.9,,,,,,6.8,,,,17.6,3,3.5,,,81.7,348,28.6,220,9,3.2,,,,,0.26,,,0.25,,,3,701,24.3,48.1,5.63,22.5,4.93,1.27,4.6,0.74,4.6,1,2.8,0.45,3.2,0.5,5.5,0.73,,,,,,,,,13.7,,9.55,2.48,,,,,,,,,,,,,,,,,,,,,,,,,
"Vidal et al., 2015",Convergent margin,RINJANI/SAMALAS,Samalas 1257 A.D. deposits Phases_3 Pumice Fall (P3-PF3),-8.536690061,-8.536690061,116.2441756,116.2441756,LAND,274,274,RIN1307E2,,,,,,,,1257,,,,,,,WR,62.15,0.63,,16.44,,4.59,,,3.57,1.41,0.14,,3.4,4.39,0.24,,,,,,,,,,,,,,,,2.94,,,,,,,,,,,,,,,1.45,,,,,,,,,0.29,48,,,10.5,,,,,,6.4,,,,17.6,3,3.8,,,82.3,342,29.2,221,8.99,3.2,,,,,0.29,,,0.25,,,3,708,24.2,48,5.65,22.6,5.02,1.28,4.6,0.75,4.7,1,2.9,0.45,3.2,0.51,5.7,0.74,,,,,,,,,13.8,,9.6,2.55,,,,,,,,,,,,,,,,,,,,,,,,,
"Vidal et al., 2015",Convergent margin,RINJANI/SAMALAS,Samalas 1257 A.D. deposits Phases_4 Co-PDC Ash Fall (P4-AF),-8.410314714,-8.410314714,115.5715893,115.5715893,LAND,348,348,RIN1392F,,,,,,,,1257,,,,,,,WR,61.59,0.63,,16.34,,4.74,,,3.44,1.3,0.14,,3.31,4.16,0.25,,,,,,,,,,,,,,,,3.91,,,,,,,,,,,,,,,1.7,,,,,,,,,0.31,50.1,,,9.4,,,,,,6.8,,,,17.8,3.2,4,,,88.7,338,29.1,240,9.36,3.6,,,,,0.31,,,0.34,,,3.2,728,24.7,50.1,5.77,22.8,5.01,1.25,4.6,0.75,4.9,1.1,3,0.45,3.2,0.51,6,0.83,,,,,,,,,16.1,,11.47,2.85,,,,,,,,,,,,,,,,,,,,,,,,,
"Vidal et al., 2015",Convergent margin,RINJANI/SAMALAS,Samalas 1257 A.D. deposits Phases_1 Pumice Fall (P1-PF),-8.536690061,-8.536690061,116.2441756,116.2441756,LAND,274,274,RIN1307A1,,,,,,,,1257,,,,,,,GL,67.58,0.49,,16.3,,2.83,,,2.29,0.76,0.16,,4.17,4.79,,,,,,,,,,,,,,,,,,,,,,,,,,,,,,,,,,,,,,,,,,,,,,,,,,,,,,,,,,,,,,,,,,,,,,,,,,,,,,,,,,,,,,,,,,,,,,,,,,,,,,,,,,,,,,,,,,,,,,,,,,,,,,,,,,
"Vidal et al., 2015",Convergent margin,RINJANI/SAMALAS,Samalas 1257 A.D. deposits Phases_2 Pumice Fall (P2-PF2),-8.536690061,-8.536690061,116.2441756,116.2441756,LAND,274,274,RIN1307B2,,,,,,,,1257,,,,,,,GL,67.65,0.44,,15.87,,2.52,,,1.99,0.63,0.12,,4.41,4.74,,,,,,,,,,,,,,,,,,,,,,,,,,,,,,,,,,,,,,,,,,,,,,,,,,,,,,,,,,,,,,,,,,,,,,,,,,,,,,,,,,,,,,,,,,,,,,,,,,,,,,,,,,,,,,,,,,,,,,,,,,,,,,,,,,
"Vidal et al., 2015",Convergent margin,RINJANI/SAMALAS,Samalas 1257 A.D. deposits Phases_3 Pumice Fall (P3-PF2),-8.536690061,-8.536690061,116.2441756,116.2441756,LAND,274,274,RIN1307E1,,,,,,,,1257,,,,,,,GL,67.65,0.47,,15.72,,2.52,,,1.91,0.61,0.13,,4.36,4.55,,,,,,,,,,,,,,,,,,,,,,,,,,,,,,,,,,,,,,,,,,,,,,,,,,,,,,,,,,,,,,,,,,,,,,,,,,,,,,,,,,,,,,,,,,,,,,,,,,,,,,,,,,,,,,,,,,,,,,,,,,,,,,,,,,
"Vidal et al., 2015",Convergent margin,RINJANI/SAMALAS,Samalas 1257 A.D. deposits Phases_1 Pumice Fall (P1-PF),-8.536690061,-8.536690061,116.2441756,116.2441756,LAND,274,274,RIN1392A,,,,,,,,1257,,,,,,,GL,68.24,0.46,,16.11,,2.7,,,2.22,0.73,0.11,,4.16,4.69,,,,,,,,,,,,,,,,,,,,,,,,,,,,,,,,,,,,,,,,,,,,,,,,,,,,,,,,,,,,,,,,,,,,,,,,,,,,,,,,,,,,,,,,,,,,,,,,,,,,,,,,,,,,,,,,,,,,,,,,,,,,,,,,,,
"Vidal et al., 2015",Convergent margin,RINJANI/SAMALAS,Samalas 1257 A.D. deposits Phases_3 Pumice Fall (P3-PF),-8.410314714,-8.410314714,115.5715893,115.5715893,LAND,348,348,RIN1392E,,,,,,,,1257,,,,,,,GL,70.09,0.47,,15.65,,2.51,,,1.8,0.6,0.14,,4.39,3.52,,,,,,,,,,,,,,,,,,,,,,,,,,,,,,,,,,,,,,,,,,,,,,,,,,,,,,,,,,,,,,,,,,,,,,,,,,,,,,,,,,,,,,,,,,,,,,,,,,,,,,,,,,,,,,,,,,,,,,,,,,,,,,,,,,
"Vidal et al., 2015",Convergent margin,RINJANI/SAMALAS,Samalas 1257 A.D. deposits Phases_4 Co-PDC Ash Fall (P4-AF),-8.410314714,-8.410314714,115.5715893,115.5715893,LAND,348,348,RIN1392F,,,,,,,,1257,,,,,,,GL,69.9,0.47,,15.18,,2.34,,,1.58,0.49,0.11,,4.62,3.31,,,,,,,,,,,,,,,,,,,,,,,,,,,,,,,,,,,,,,,,,,,,,,,,,,,,,,,,,,,,,,,,,,,,,,,,,,,,,,,,,,,,,,,,,,,,,,,,,,,,,,,,,,,,,,,,,,,,,,,,,,,,,,,,,,
"Metrich et al., 2017",Convergent margin,RINJANI/SAMALAS,Phase 1&3 (6) Pumice Fall,-8.536690061,-8.536690061,116.2441756,116.2441756,,,,RIN13 07 Phase 1&3 (6) PF (1257 AD),,,,,,,,1257,,,,,,,WR,62.12,0.63,,16.47,,4.66,,,3.46,1.38,0.14,,3.41,4.44,0.27,,,,,,,,,,,,,,,,3.49,,,,,,,,,,,,,,,,,,,,,,,,,,,,,,,,,,,,,,,,3.71,,,,,,,,,,,,,,,,,,,,713,,48.9,,,,,,,,,,,,,,,,,,,,,,,,,,,,,,,,,,,,,,,,,,,,,,,,,,,
"Metrich et al., 2017",Convergent margin,RINJANI/SAMALAS,Phase 2 (5) Pumice Fall,-8.536690061,-8.536690061,116.2441756,116.2441756,,,,RIN13 07 Phase 2 (5) PF (1257 AD),,,,,,,,1257,,,,,,,WR,62.25,0.62,,16.74,,4.7,,,3.72,1.42,0.14,,3.3,2.93,0.23,,,,,,,,,,,,,,,,4.03,,,,,,,,,,,,,,,,,,,,,,,,,,,,,,,,,,,,,,,,4,,,,,,,,,,,,,,,,,,,,709,,47.7,,,,,,,,,,,,,,,,,,,,,,,,,,,,,,,,,,,,,,,,,,,,,,,,,,,
"Metrich et al., 2017",Convergent margin,RINJANI/SAMALAS,Phase 4 (5) PDC,-8.410314714,-8.410314714,9070054,9070054,,,,RIN13 07 Phase 4 (5) PDC (1257 AD),,,,,,,,1257,,,,,,,WR,62.56,0.63,,16.74,,4.64,,,3.69,1.38,0.14,,3.46,4.54,0.24,,,,,,,,,,,,,,,,2.07,,,,,,,,,,,,,,,,,,,,,,,,,,,,,,,,,,,,,,,,3.26,,,,,,,,,,,,,,,,,,,,716,,48.2,,,,,,,,,,,,,,,,,,,,,,,,,,,,,,,,,,,,,,,,,,,,,,,,,,,
"Metrich et al., 2017",Convergent margin,RINJANI/SAMALAS,Pre-caldera scoria fall,-8.372890382,-8.372890382,116.4012189,116.4012189,,,,RIN13 13D PcSF4 (625-711 AD),,,,,,,,711,,,,,,,WR,50.35,1.06,,19.02,,10.49,,,9.88,4.41,0.2,,1.02,3.21,0.22,,,,,,,,,,,,,,,,0.05,,,,,,,,,,,,,,,,,,,,,,,,,,,,,,,,,,,,,,,,,,,,,,,,,,,,,,,,,,,,300,,22.5,,,,,,,,,,,,,,,,,,,,,,,,,,,,,,,,,,,,,,,,,,,,,,,,,,,
"Metrich et al., 2017",Convergent margin,RINJANI/SAMALAS,Pre-caldera scoria fall,-8.372890382,-8.372890382,116.4012189,116.4012189,,,,M14 SF PcSF4 (625-711 AD),,,,,,,,711,,,,,,,WR,51.11,1.1,,19.29,,10.44,,,9.63,4.2,0.2,,1.07,3.37,0.22,,,,,,,,,,,,,,,,-0.06,,,,,,,,,,,,,,,,,,,,,,,,,,,,,,,,,,,,,,,,,,,,,,,,,,,,,,,,,,,, ,,,,,,,,,,,,,,,,,,,,,,,,,,,,,,,,,,,,,,,,,,,,,,,,,,,,,
"Metrich et al., 2017",Convergent margin,RINJANI/SAMALAS,Pre-caldera scoria fall,-8.337173461,-8.337173461,116.4021906,116.4021906,,,,RIN13 15 PcSF3,,,,,,,,,,,,,,,WR,49.43,1.04,,19,,10.37,,,9.59,4.27,0.19,,0.97,3.02,0.2,,,,,,,,,,,,,,,,1.5,,,,,,,,,,,,,,,,,,,,,,,,,,,,,,,,,,,,,,,,,,,,,,,,,,,,,,,,,,,,265,,20.9,,,,,,,,,,,,,,,,,,,,,,,,,,,,,,,,,,,,,,,,,,,,,,,,,,,
"Metrich et al., 2017",Convergent margin,RINJANI/SAMALAS,Pre-caldera scoria fall,-8.456364784,-8.456364784,116.5334426,116.5334426,,,,RIN13 10A PcSF2,,,,,,,,,,,,,,,WR,56,0.92,,17.61,,8.11,,,6.47,2.92,0.19,,1.74,4.27,0.3,,,,,,,,,,,,,,,,0.83,,,,,,,,,,,,,,,,,,,,,,,,,,,,,,,,,,,,,,,,1.9,,,,,,,,,,,,,,,,,,,,426,,32.1,,,,,,,,,,,,,,,,,,,,,,,,,,,,,,,,,,,,,,,,,,,,,,,,,,,
"Metrich et al., 2017",Convergent margin,RINJANI/SAMALAS,Pre-caldera scoria fall,-8.351788,-8.351788,116.544282,116.544282,,,,RIN14 25 PcSF1,,,,,,,,,,,,,,,WR,48.91,1.24,,18.05,,11.43,,,9.22,4.62,0.19,,1.1,2.84,0.24,,,,,,,,,,,,,,,,1.72,,,,,,,,,,,,,,,,,,,,,,,,,,,,,,,,,,,,,,,,,,,,,,,,,,,,,,,,,,,,364,,26.2,,,,,,,,,,,,,,,,,,,,,,,,,,,,,,,,,,,,,,,,,,,,,,,,,,,
"Metrich et al., 2017",Convergent margin,RINJANI/SAMALAS,lithic,-8.341865682,-8.341865682,116.4985595,116.4985595,,,,RIN13 21B lithic (664-770AD),,,,,,,,,,,,,,,WR,50.74,1.09,,17.63,,11.23,,,10.18,5.29,0.2,,1.12,2.96,0.21,,,,,,,,,,,,,,,,-0.1,,,,,,,,,,,,,,,,,,,,,,,,,,,,,,,,,,,,,,,,,,,,,,,,,,,,,,,,,,,,310,,21,,,,,,,,,,,,,,,,,,,,,,,,,,,,,,,,,,,,,,,,,,,,,,,,,,,
"Metrich et al., 2017",Convergent margin,RINJANI/SAMALAS,lithic,-8.341865682,-8.341865682,116.4985595,116.4985595,,,,RIN13 21B lithic replicate (664-770AD),,,,,,,,,,,,,,,WR,50.45,1.08,,17.51,,11.21,,,10.12,5.27,0.19,,1.11,2.94,0.21,,,,,,,,,,,,,,,,-0.1,,,,,,,,,,,,,,,,,,,,,,,,,,,,,,,,,,,,,,,,,,,,,,,,,,,,,,,,,,,,300,,20.5,,,,,,,,,,,,,,,,,,,,,,,,,,,,,,,,,,,,,,,,,,,,,,,,,,,
"Metrich et al., 2017",Convergent margin,RINJANI/SAMALAS,Pre-caldera pumice fall,-8.328562352,-8.328562352,116.4019676,116.4019676,,,,RIN13 16A2 PcPF2,,,,,,,,,,,,,,,WR,60.63,0.65,,17.61,,4.18,,,2.58,1.05,0.19,,3.52,4.35,0.23,,,,,,,,,,,,,,,,5.95,,,,,,,,,,,,,,,,,,,,,,,,,,,,,,,,,,,,,,,,,,,,,,,,,,,,,,,,,,,,,,,,,,,,,,,,,,,,,,,,,,,,,,,,,,,,,,,,,,,,,,,,,,,,,,,,,
"Metrich et al., 2017",Convergent margin,RINJANI/SAMALAS,Pre-caldera pumice fall,-8.328562352,-8.328562352,116.4019676,116.4019676,,,,RIN13 16A4 PcPF2,,,,,,,,,,,,,,,WR,60.4,0.65,,17.68,,4.2,,,2.59,1.05,0.12,,3.5,4.37,0.23,,,,,,,,,,,,,,,,5.65,,,,,,,,,,,,,,,,,,,,,,,,,,,,,,,,,,,,,,,,,,,,,,,,,,,,,,,,,,,,,,,,,,,,,,,,,,,,,,,,,,,,,,,,,,,,,,,,,,,,,,,,,,,,,,,,,
"Metrich et al., 2017",Convergent margin,RINJANI/SAMALAS,Pre-caldera pumice fall,-8.328562352,-8.328562352,116.4019676,116.4019676,,,,RIN13 16T PcPF2,,,,,,,,,,,,,,,WR,56.06,0.7,,19.68,,4.6,,,2.67,1.05,0.12,,3.04,4.04,0.28,,,,,,,,,,,,,,,,8.43,,,,,,,,,,,,,,,,,,,,,,,,,,,,,,,,,,,,,,,,,,,,,,,,,,,,,,,,,,,,,,,,,,,,,,,,,,,,,,,,,,,,,,,,,,,,,,,,,,,,,,,,,,,,,,,,,
"Metrich et al., 2017",Convergent margin,RINJANI/SAMALAS,Pre-caldera pumice fall,-8.350657677,-8.350657677,116.395068,116.395068,,,,RIN14 07B PcPF2,,,,,,,,,,,,,,,WR,61.34,0.63,,16.89,,4.12,,,2.64,1.03,0.12,,3.43,4.16,0.22,,,,,,,,,,,,,,,,4.93,,,,,,,,,,,,,,,,,,,,,,,,,,,,,,,,,,,,,,,,,,,,,,,,,,,,,,,,,,,,,,,,,,,,,,,,,,,,,,,,,,,,,,,,,,,,,,,,,,,,,,,,,,,,,,,,,
"Metrich et al., 2017",Convergent margin,RINJANI/SAMALAS,Pre-caldera pumice fall,-8.369858236,-8.369858236,116.3998339,116.3998339,,,,RIN13 14_g PcPF2,,,,,,,,,,,,,,,WR,63.25,0.63,,16.28,,4.2,,,2.9,1.14,0.13,,3.68,4.64,0.24,,,,,,,,,,,,,,,,2.34,,,,,,,,,,,,,,,,,,,,,,,,,,,,,,,,,,,,,,,,,,,,,,,,,,,,,,,,,,,,,,,,,,,,,,,,,,,,,,,,,,,,,,,,,,,,,,,,,,,,,,,,,,,,,,,,,
"Metrich et al., 2017",Convergent margin,RINJANI/SAMALAS,Pre-caldera pumice fall,-8.369858236,-8.369858236,116.3998339,116.3998339,,,,RIN13 14_b PcPF2,,,,,,,,,,,,,,,WR,61.89,0.66,,16.83,,4.41,,,3.01,1.17,0.13,,3.56,4.57,0.27,,,,,,,,,,,,,,,,3.16,,,,,,,,,,,,,,,,,,,,,,,,,,,,,,,,,,,,,,,,,,,,,,,,,,,,,,,,,,,,,,,,,,,,,,,,,,,,,,,,,,,,,,,,,,,,,,,,,,,,,,,,,,,,,,,,,
"Metrich et al., 2017",Convergent margin,RINJANI/SAMALAS,Pre-caldera pumice fall,-8.372890382,-8.372890382,116.4012189,116.4012189,,,,RIN13 13z PcPF2 (625-711 AD),,,,,,,,711,,,,,,,WR,60.59,0.62,,16.88,,4.13,,,2.7,1,0.13,,3.34,4.23,0.23,,,,,,,,,,,,,,,,4.91,,,,,,,,,,,,,,,,,,,,,,,,,,,,,,,,,,,,,,,,,,,,,,,,,,,,,,,,,,,,,,,,,,,,,,,,,,,,,,,,,,,,,,,,,,,,,,,,,,,,,,,,,,,,,,,,,
"Metrich et al., 2017",Convergent margin,RINJANI/SAMALAS,Pre-caldera pumice fall,-8.365535365,-8.365535365,116.5194098,116.5194098,,,,RIN14 24 PcPF2,,,,,,,,,,,,,,,WR,63.24,0.58,,15.75,,3.88,,,2.58,1,0.12,,3.63,4.25,0.2,,,,,,,,,,,,,,,,4.29,,,,,,,,,,,,,,,,,,,,,,,,,,,,,,,,,,,,,,,,,,,,,,,,,,,,,,,,,,,,,,,,,,,,,,,,,,,,,,,,,,,,,,,,,,,,,,,,,,,,,,,,,,,,,,,,,
"Metrich et al., 2017",Convergent margin,RINJANI/SAMALAS,Pre-caldera pumice fall,-8.249161731,-8.249161731,116.2735946,116.2735946,,,,RIN14 22A PcPF1 (649-718 AD),,,,,,,,,,,,,,,WR,63.1,0.53,,14.55,,3.55,,,2.26,0.86,0.12,,3.29,3.7,0.17,,,,,,,,,,,,,,,,6.84,,,,,,,,,,,,,,,,,,,,,,,,,,,,,,,,,,,,,,,,,,,,,,,,,,,,,,,,,,,,,,,,,,,,,,,,,,,,,,,,,,,,,,,,,,,,,,,,,,,,,,,,,,,,,,,,,
"Metrich et al., 2017",Convergent margin,RINJANI/SAMALAS,Pre-caldera pumice fall,-8.456364784,-8.456364784,116.5334426,116.5334426,,,,RIN13 10Fy PcPF1,,,,,,,,,,,,,,,WR,59.82,0.65,,17.26,,5.07,,,3.97,1.4,0.11,,3.03,4.21,0.27,,,,,,,,,,,,,,,,3.23,,,,,,,,,,,,,,,,,,,,,,,,,,,,,,,,,,,,,,,,,,,,,,,,,,,,,,,,,,,,,,,,,,,,,,,,,,,,,,,,,,,,,,,,,,,,,,,,,,,,,,,,,,,,,,,,,
"Metrich et al., 2017",Convergent margin,RINJANI/SAMALAS,Pre-caldera pumice fall,-8.456364784,-8.456364784,116.5334426,116.5334426,,,,RIN13 10Fg PcPF1,,,,,,,,,,,,,,,WR,60.3,0.65,,17.05,,4.97,,,3.96,1.41,0.14,,3.14,4.32,0.28,,,,,,,,,,,,,,,,2.98,,,,,,,,,,,,,,,,,,,,,,,,,,,,,,,,,,,,,,,,,,,,,,,,,,,,,,,,,,,,,,,,,,,,,,,,,,,,,,,,,,,,,,,,,,,,,,,,,,,,,,,,,,,,,,,,,
"Metrich et al., 2017",Convergent margin,RINJANI/SAMALAS,Pre-caldera pumice fall,-8.446293768,-8.446293768,116.5302116,116.5302116,,,,RIN13 11 PcPF1,,,,,,,,,,,,,,,WR,57.77,0.65,,17.82,,4.33,,,2.59,0.95,0.12,,3.2,3.95,0.26,,,,,,,,,,,,,,,,7.03,,,,,,,,,,,,,,,,,,,,,,,,,,,,,,,,,,,,,,,,,,,,,,,,,,,,,,,,,,,,,,,,,,,,,,,,,,,,,,,,,,,,,,,,,,,,,,,,,,,,,,,,,,,,,,,,,
"Metrich et al., 2017",Convergent margin,RINJANI/SAMALAS,lembar lava flow,-8.353667439,-8.353667439,116.5041118,116.5041118,,,,RIN14 23 Lembar,,,,,,,,,,,,,,,WR,62.7,0.67,,16.63,,4.88,,,3.86,1.58,0.13,,3.65,4.5,0.19,,,,,,,,,,,,,,,,0.71,,,,,,,,,,,,,,,,,,,,,,,,,,,,,,,,,,,,,,,,,,,,,,,,,,,,,,,,,,,,,,,,,,,,,,,,,,,,,,,,,,,,,,,,,,,,,,,,,,,,,,,,,,,,,,,,,
"Metrich et al., 2017",Convergent margin,RINJANI/SAMALAS,lembar lava flow,-8.345975,-8.345975,116.509605,116.509605,,,,RIN14 44 Lembar,,,,,,,,,,,,,,,WR,66.3,0.57,,16.07,,3.63,,,2.34,0.77,0.12,,4.39,4.69,0.15,,,,,,,,,,,,,,,,0.57,,,,,,,,,,,,,,,,,,,,,,,,,,,,,,,,,,,,,,,,,,,,,,,,,,,,,,,,,,,,,,,,,,,,,,,,,,,,,,,,,,,,,,,,,,,,,,,,,,,,,,,,,,,,,,,,,
"Metrich et al., 2017",Convergent margin,RINJANI/SAMALAS,Scoria,-8.486065711,-8.486065711,116.6417767,116.6417767,,,,RIN14 31 Sc,,,,,,,,,,,,,,,WR,54.71,0.94,,19.12,,7.9,,,7.89,2.39,0.17,,1.8,3.98,0.3,,,,,,,,,,,,,,,,0.89,,,,,,,,,,,,,,,,,,,,,,,,,,,,,,,,,,,,,,,,,,,,,,,,,,,,,,,,,,,,,,,,,,,,,,,,,,,,,,,,,,,,,,,,,,,,,,,,,,,,,,,,,,,,,,,,,
"Metrich et al., 2017",Convergent margin,RINJANI/SAMALAS,Lava flow,-8.484052291,-8.484052291,116.6457761,116.6457761,,,,RIN14 32 LF,,,,,,,,,,,,,,,WR,56.21,1.05,,17.3,,8.52,,,6.45,2.54,0.2,,2.06,4.42,0.35,,,,,,,,,,,,,,,,0.26,,,,,,,,,,,,,,,,,,,,,,,,,,,,,,,,,,,,,,,,,,,,,,,,,,,,,,,,,,,,,,,,,,,,,,,,,,,,,,,,,,,,,,,,,,,,,,,,,,,,,,,,,,,,,,,,,
"Metrich et al., 2017",Convergent margin,RINJANI/SAMALAS,Lava flow,-8.488478472,-8.488478472,116.6491972,116.6491972,,,,RIN14 33 LF,,,,,,,,,,,,,,,WR,50.02,1.01,,19.85,,10.04,,,9.63,3.86,0.2,,1.09,3.43,0.24,,,,,,,,,,,,,,,,0.09,,,,,,,,,,,,,,,,,,,,,,,,,,,,,,,,,,,,,,,,,,,,,,,,,,,,,,,,,,,,,,,,,,,,,,,,,,,,,,,,,,,,,,,,,,,,,,,,,,,,,,,,,,,,,,,,,
"Metrich et al., 2017",Convergent margin,RINJANI/SAMALAS,Lava flow,-8.376073952,-8.376073952,9074085,9074085,,,,RIN14 41 LF,,,,,,,,,,,,,,,WR,50.24,0.99,,17.04,,10.53,,,9.55,4.96,0.19,,1.82,3.04,0.32,,,,,,,,,,,,,,,,0.14,,,,,,,,,,,,,,,,,,,,,,,,,,,,,,,,,,,,,,,,,,,,,,,,,,,,,,,,,,,,,,,,,,,,,,,,,,,,,,,,,,,,,,,,,,,,,,,,,,,,,,,,,,,,,,,,,
"Metrich et al., 2017",Convergent margin,RINJANI/SAMALAS,Lava flow,-8.418379844,-8.418379844,116.4398269,116.4398269,,,,RIN14 43 LF,,,,,,,,,,,,,,,WR,49.73,1.01,,19.14,,9.68,,,9.35,3.38,0.24,,1.37,3.33,0.26,,,,,,,,,,,,,,,,1.41,,,,,,,,,,,,,,,,,,,,,,,,,,,,,,,,,,,,,,,,,,,,,,,,,,,,,,,,,,,,,,,,,,,,,,,,,,,,,,,,,,,,,,,,,,,,,,,,,,,,,,,,,,,,,,,,,
"Metrich et al., 2017",Convergent margin,RINJANI/SAMALAS,Lava flow,-8.376073952,-8.376073952,116.4573897,116.4573897,,,,RIN14 22F LF (649-718 AD),,,,,,,,,,,,,,,WR,52.1,0.98,,18.76,,9.14,,,8.97,3.39,0.19,,2.07,3.4,0.31,,,,,,,,,,,,,,,,0.15,,,,,,,,,,,,,,,,,,,,,,,,,,,,,,,,,,,,,,,,,,,,,,,,,,,,,,,,,,,,,,,,,,,,,,,,,,,,,,,,,,,,,,,,,,,,,,,,,,,,,,,,,,,,,,,,,
"Metrich et al., 2017",Convergent margin,RINJANI/SAMALAS,Lava flow,-8.499527664,-8.499527664,116.2932448,116.2932448,,,,RIN14 19B LF,,,,,,,,,,,,,,,WR,63.47,0.66,,16.55,,4.32,,,3.14,1.23,0.13,,3.63,4.84,0.25,,,,,,,,,,,,,,,,0.64,,,,,,,,,,,,,,,,,,,,,,,,,,,,,,,,,,,,,,,,,,,,,,,,,,,,,,,,,,,,,,,,,,,,,,,,,,,,,,,,,,,,,,,,,,,,,,,,,,,,,,,,,,,,,,,,,
"Metrich et al., 2017",Convergent margin,RINJANI/SAMALAS,Block,-8.636419082,-8.636419082,116.3827959,116.3827959,,,,RIN13 40L B,,,,,,,,,,,,,,,WR,53.64,1.03,,17.69,,9.07,,,8.15,3.65,0.19,,1.56,3.88,0.25,,,,,,,,,,,,,,,,0.99,,,,,,,,,,,,,,,,,,,,,,,,,,,,,,,,,,,,,,,,,,,,,,,,,,,,,,,,,,,,,,,,,,,,,,,,,,,,,,,,,,,,,,,,,,,,,,,,,,,,,,,,,,,,,,,,,
"Metrich et al., 2017",Convergent margin,RINJANI/SAMALAS,Lava flow,-8.400116,-8.400116,116.423975,116.423975,,,,BARU2009 LF,,,,,,,,2009,,,,,,,WR,54.42,0.91,,18.04,,8.94,,,7.87,3.72,0.18,,1.84,3.71,0.22,,,,,,,,,,,,,,,,-0.26,,,,,,,,,,,,,,,,,,,,,,,,,,,,,,,,,,,,,,,,,,,,,,,,,,,,,,,,,,,,,,,,,,,,,,,,,,,,,,,,,,,,,,,,,,,,,,,,,,,,,,,,,,,,,,,,,
"Metrich et al., 2017",Convergent margin,RINJANI/SAMALAS,Lava flow,-8.408625,-8.408625,116.412266,116.412266,,,,BARU1994 LF,,,,,,,,1994,,,,,,,WR,54.68,0.91,,18.22,,9.06,,,7.98,3.77,0.18,,1.82,3.72,0.22,,,,,,,,,,,,,,,,-0.53,,,,,,,,,,,,,,,,,,,,,,,,,,,,,,,,,,,,,,,,,,,,,,,,,,,,,,,,,,,,,,,,,,,,,,,,,,,,,,,,,,,,,,,,,,,,,,,,,,,,,,,,,,,,,,,,,
"Metrich et al., 2017",Convergent margin,RINJANI/SAMALAS,Lava flow,-8.401701,-8.401701,116.414643,116.414643,,,,BARU1944 LF,,,,,,,,1944,,,,,,,WR,55.03,0.9,,18.14,,9.04,,,7.95,3.83,0.17,,1.81,3.71,0.21,,,,,,,,,,,,,,,,0,,,,,,,,,,,,,,,,,,,,,,,,,,,,,,,,,,,,,,,,,,,,,,,,,,,,,,,,,,,,,,,,,,,,,,,,,,,,,,,,,,,,,,,,,,,,,,,,,,,,,,,,,,,,,,,,,
"Metrich et al., 2017",Convergent margin,RINJANI/SAMALAS,Lava flow,-8.407465,-8.407465,116.432988,116.432988,,,,BARU1966 LF,,,,,,,,1966,,,,,,,WR,53.25,0.89,,17.7,,9.07,,,8.15,3.95,0.17,,1.68,3.49,0.21,,,,,,,,,,,,,,,,-0.05,,,,,,,,,,,,,,,,,,,,,,,,,,,,,,,,,,,,,,,,,,,,,,,,,,,,,,,,,,,,,,,,,,,,,,,,,,,,,,,,,,,,,,,,,,,,,,,,,,,,,,,,,,,,,,,,,
"Metrich et al., 2017",Convergent margin,RINJANI/SAMALAS,Lava flow,-8.400116,-8.400116,116.423975,116.423975,,,,BARU2004 LF,,,,,,,,2004,,,,,,,WR,54.12,0.88,,17.93,,8.83,,,7.9,3.69,0.17,,1.79,3.63,0.22,,,,,,,,,,,,,,,,0,,,,,,,,,,,,,,,,,,,,,,,,,,,,,,,,,,,,,,,,,,,,,,,,,,,,,,,,,,,,,,,,,,,,,,,,,,,,,,,,,,,,,,,,,,,,,,,,,,,,,,,,,,,,,,,,,
"Metrich et al., 2017",Convergent margin,RINJANI/SAMALAS,Lava flow,-8.400116,-8.400116,116.423975,116.423975,,,,BARU2010 LF,,,,,,,,2010,,,,,,,WR,54.39,0.88,,17.71,,8.67,,,7.78,3.59,0.17,,1.86,3.65,0.22,,,,,,,,,,,,,,,,-0.05,,,,,,,,,,,,,,,,,,,,,,,,,,,,,,,,,,,,,,,,,,,,,,,,,,,,,,,,,,,,,,,,,,,,,,,,,,,,,,,,,,,,,,,,,,,,,,,,,,,,,,,,,,,,,,,,,
"Metrich et al., 2017",Convergent margin,RINJANI/SAMALAS,Lava flow,-8.414490903,-8.414490903,116.4152436,116.4152436,,,,RIN14 42 LF,,,,,,,,,,,,,,,WR,53.8,0.9,,17.85,,9.06,,,8.01,3.78,0.17,,1.67,3.59,0.21,,,,,,,,,,,,,,,,0.08,,,,,,,,,,,,,,,,,,,,,,,,,,,,,,,,,,,,,,,,,,,,,,,,,,,,,,,,,,,,,,,,,,,,,,,,,,,,,,,,,,,,,,,,,,,,,,,,,,,,,,,,,,,,,,,,,
,,,,,,,,,,,,,,,,,,,,,,,,,,,,,,,,,,,,,,,,,,,,,,,,,,,,,,,,,,,,,,,,,,,,,,,,,,,,,,,,,,,,,,,,,,,,,,,,,,,,,,,,,,,,,,,,,,,,,,,,,,,,,,,,,,,,,,,,,,,,,,,,,,,,,,,,,,,,,,,,,,,,,,,,,,
,,,,,,,,,,,,,,,,,,,,,,,,,,,,,,,,,,,,,,,,,,,,,,,,,,,,,,,,,,,,,,,,,,,,,,,,,,,,,,,,,,,,,,,,,,,,,,,,,,,,,,,,,,,,,,,,,,,,,,,,,,,,,,,,,,,,,,,,,,,,,,,,,,,,,,,,,,,,,,,,,,,,,,,,,,
,,,,,,,,,,,,,,,,,,,,,,,,,,,,,,,,,,,,,,,,,,,,,,,,,,,,,,,,,,,,,,,,,,,,,,,,,,,,,,,,,,,,,,,,,,,,,,,,,,,,,,,,,,,,,,,,,,,,,,,,,,,,,,,,,,,,,,,,,,,,,,,,,,,,,,,,,,,,,,,,,,,,,,,,,,
"Nicole Métrich, Celine M Vidal, Jean-Christophe Komorowski, Indyo Pratomo, Agnès Michel, Nugraha Kartadinata, Oktory Prambada, Heryadi Rachmat, Surono, New Insights into Magma Differentiation and Storage in Holocene Crustal Reservoirs of the Lesser Sunda Arc: the Rinjani–Samalas Volcanic Complex (Lombok, Indonesia), Journal of Petrology, Volume 58, Issue 11, November 2017, Pages 2257–2284, https://doi.org/10.1093/petrology/egy006",,,,,,,,,,,,,,,,,,,,,,,,,,,,,,,,,,,,,,,,,,,,,,,,,,,,,,,,,,,,,,,,,,,,,,,,,,,,,,,,,,,,,,,,,,,,,,,,,,,,,,,,,,,,,,,,,,,,,,,,,,,,,,,,,,,,,,,,,,,,,,,,,,,,,,,,,,,,,,,,,,,,,,,,,,
"Vidal, C. M., Komorowski, J.-C., Me _trich, N., Pratomo, I., Kartadinata, N., Prambada, O., Michel, A., Carazzo, G., Lavigne, F., Rodysill, J., Fontijn, K. & Surono (2015). Dynamics of the major plinian eruption of Samalas in 1257 A.D. (Lombok, Indonesia). Bulletin of Volcanology 77, 73. ",,,,,,,,,,,,,,,,,,,,,,,,,,,,,,,,,,,,,,,,,,,,,,,,,,,,,,,,,,,,,,,,,,,,,,,,,,,,,,,,,,,,,,,,,,,,,,,,,,,,,,,,,,,,,,,,,,,,,,,,,,,,,,,,,,,,,,,,,,,,,,,,,,,,,,,,,,,,,,,,,,,,,,,,,,